ingestion_batch_id,simulation_run_id,outlet_id,provider_id,source_batch_ref,source_generated_at,received_at,expected_event_count,received_event_count,rejected_event_count,normalization_status,created_at
1d6c8986-8391-51ff-b6bc-967afce928f2,ab657634-87ea-5bf6-a616-c73015f5b287,c79304d5-6c6d-50df-92b0-6ba3b8ad7e19,11111111-1111-1111-1111-111111111111,BATCH-SYN-00-00-BKASH,2026-06-26T17:55:00Z,2026-06-26T18:00:00Z,27,27,0,normalized,2026-06-26T18:00:00Z
0658eaaf-f15f-57de-b508-23ed43852e9f,ab657634-87ea-5bf6-a616-c73015f5b287,c79304d5-6c6d-50df-92b0-6ba3b8ad7e19,22222222-2222-2222-2222-222222222222,BATCH-SYN-00-00-NAGAD,2026-06-26T17:55:00Z,2026-06-26T18:00:00Z,27,27,0,normalized,2026-06-26T18:00:00Z
f74447ed-6b72-534f-b4e0-8c2e7a1ffe29,ab657634-87ea-5bf6-a616-c73015f5b287,c79304d5-6c6d-50df-92b0-6ba3b8ad7e19,33333333-3333-3333-3333-333333333333,BATCH-SYN-00-00-ROCKET,2026-06-26T17:55:00Z,2026-06-26T18:00:00Z,27,27,0,normalized,2026-06-26T18:00:00Z
1a5cea53-d14a-5940-a982-3de54940ef94,ab657634-87ea-5bf6-a616-c73015f5b287,950f7040-0e32-5657-a005-8111a74aa5e3,11111111-1111-1111-1111-111111111111,BATCH-SYN-00-01-BKASH,2026-06-26T17:55:00Z,2026-06-26T18:00:00Z,27,27,0,normalized,2026-06-26T18:00:00Z
d3083408-ce22-5527-ab96-f913f2a93a85,ab657634-87ea-5bf6-a616-c73015f5b287,950f7040-0e32-5657-a005-8111a74aa5e3,22222222-2222-2222-2222-222222222222,BATCH-SYN-00-01-NAGAD,2026-06-26T17:55:00Z,2026-06-26T18:00:00Z,27,27,0,normalized,2026-06-26T18:00:00Z
53c6440d-98f7-5318-a612-00dcfc8ab723,ab657634-87ea-5bf6-a616-c73015f5b287,950f7040-0e32-5657-a005-8111a74aa5e3,33333333-3333-3333-3333-333333333333,BATCH-SYN-00-01-ROCKET,2026-06-26T17:55:00Z,2026-06-26T18:00:00Z,27,27,0,normalized,2026-06-26T18:00:00Z
3eb855cc-4af9-5c28-be4c-883fefdf5ed2,ab657634-87ea-5bf6-a616-c73015f5b287,c51a52aa-b76e-533e-9500-252f523656b1,11111111-1111-1111-1111-111111111111,BATCH-SYN-00-02-BKASH,2026-06-26T17:55:00Z,2026-06-26T18:00:00Z,27,27,0,normalized,2026-06-26T18:00:00Z
395ea008-7dcd-541a-b5f7-1aab8a63b509,ab657634-87ea-5bf6-a616-c73015f5b287,c51a52aa-b76e-533e-9500-252f523656b1,22222222-2222-2222-2222-222222222222,BATCH-SYN-00-02-NAGAD,2026-06-26T17:55:00Z,2026-06-26T18:00:00Z,27,27,0,normalized,2026-06-26T18:00:00Z
cccf6e35-87a8-52fb-bb32-0a4c5b2263fc,ab657634-87ea-5bf6-a616-c73015f5b287,c51a52aa-b76e-533e-9500-252f523656b1,33333333-3333-3333-3333-333333333333,BATCH-SYN-00-02-ROCKET,2026-06-26T17:55:00Z,2026-06-26T18:00:00Z,27,27,0,normalized,2026-06-26T18:00:00Z
579c3b8d-6de6-50a8-989f-c551ef31068f,ab657634-87ea-5bf6-a616-c73015f5b287,f1d6239c-8728-515e-9497-5d06cecab6c4,11111111-1111-1111-1111-111111111111,BATCH-SYN-00-03-BKASH,2026-06-26T17:55:00Z,2026-06-26T18:00:00Z,27,27,0,normalized,2026-06-26T18:00:00Z
1ff4cbb8-e132-55a0-952b-5b73bcad47ab,ab657634-87ea-5bf6-a616-c73015f5b287,f1d6239c-8728-515e-9497-5d06cecab6c4,22222222-2222-2222-2222-222222222222,BATCH-SYN-00-03-NAGAD,2026-06-26T17:55:00Z,2026-06-26T18:00:00Z,27,27,0,normalized,2026-06-26T18:00:00Z
f1dc628f-09a8-58a0-9eac-692608579f3c,ab657634-87ea-5bf6-a616-c73015f5b287,f1d6239c-8728-515e-9497-5d06cecab6c4,33333333-3333-3333-3333-333333333333,BATCH-SYN-00-03-ROCKET,2026-06-26T17:55:00Z,2026-06-26T18:00:00Z,27,27,0,normalized,2026-06-26T18:00:00Z
b8ed64ea-5427-5646-98fd-4eba7d2a15b8,ab657634-87ea-5bf6-a616-c73015f5b287,5cc8ed11-22c7-5245-97e5-6b5d6f55a055,11111111-1111-1111-1111-111111111111,BATCH-SYN-00-04-BKASH,2026-06-26T17:55:00Z,2026-06-26T18:00:00Z,27,27,0,normalized,2026-06-26T18:00:00Z
52d5c25c-7a20-5db9-8af6-fb17f1e42f9b,ab657634-87ea-5bf6-a616-c73015f5b287,5cc8ed11-22c7-5245-97e5-6b5d6f55a055,22222222-2222-2222-2222-222222222222,BATCH-SYN-00-04-NAGAD,2026-06-26T17:55:00Z,2026-06-26T18:00:00Z,27,27,0,normalized,2026-06-26T18:00:00Z
91b9230f-100c-51fd-83df-52a8624ea625,ab657634-87ea-5bf6-a616-c73015f5b287,5cc8ed11-22c7-5245-97e5-6b5d6f55a055,33333333-3333-3333-3333-333333333333,BATCH-SYN-00-04-ROCKET,2026-06-26T17:55:00Z,2026-06-26T18:00:00Z,27,27,0,normalized,2026-06-26T18:00:00Z
aaef3847-9c46-5eb3-b4bd-36cb3f93e414,55f1318e-806a-5486-a3f3-d3db4101cd1d,c79304d5-6c6d-50df-92b0-6ba3b8ad7e19,11111111-1111-1111-1111-111111111111,BATCH-SYN-01-00-BKASH,2026-06-27T17:55:00Z,2026-06-27T18:00:00Z,27,27,0,normalized,2026-06-27T18:00:00Z
7486b537-af0e-570d-9949-efd19a61c931,55f1318e-806a-5486-a3f3-d3db4101cd1d,c79304d5-6c6d-50df-92b0-6ba3b8ad7e19,22222222-2222-2222-2222-222222222222,BATCH-SYN-01-00-NAGAD,2026-06-27T17:55:00Z,2026-06-27T18:00:00Z,27,27,0,normalized,2026-06-27T18:00:00Z
dd91a044-bbab-59ea-b927-ed322e0d7a72,55f1318e-806a-5486-a3f3-d3db4101cd1d,c79304d5-6c6d-50df-92b0-6ba3b8ad7e19,33333333-3333-3333-3333-333333333333,BATCH-SYN-01-00-ROCKET,2026-06-27T17:55:00Z,2026-06-27T18:00:00Z,27,27,0,normalized,2026-06-27T18:00:00Z
244ae340-cbdc-5671-beba-9b91f4421cba,55f1318e-806a-5486-a3f3-d3db4101cd1d,950f7040-0e32-5657-a005-8111a74aa5e3,11111111-1111-1111-1111-111111111111,BATCH-SYN-01-01-BKASH,2026-06-27T17:55:00Z,2026-06-27T18:00:00Z,27,27,0,normalized,2026-06-27T18:00:00Z
012024c1-8ccb-5c8f-bd2e-f995f50c7554,55f1318e-806a-5486-a3f3-d3db4101cd1d,950f7040-0e32-5657-a005-8111a74aa5e3,22222222-2222-2222-2222-222222222222,BATCH-SYN-01-01-NAGAD,2026-06-27T17:55:00Z,2026-06-27T18:00:00Z,27,27,0,normalized,2026-06-27T18:00:00Z
e39e4d68-1050-5ecd-9e7f-31c041b2a841,55f1318e-806a-5486-a3f3-d3db4101cd1d,950f7040-0e32-5657-a005-8111a74aa5e3,33333333-3333-3333-3333-333333333333,BATCH-SYN-01-01-ROCKET,2026-06-27T17:55:00Z,2026-06-27T18:00:00Z,27,27,0,normalized,2026-06-27T18:00:00Z
6f28a7a6-edcb-5f34-ac7e-c963eb384c40,55f1318e-806a-5486-a3f3-d3db4101cd1d,c51a52aa-b76e-533e-9500-252f523656b1,11111111-1111-1111-1111-111111111111,BATCH-SYN-01-02-BKASH,2026-06-27T17:55:00Z,2026-06-27T18:00:00Z,27,27,0,normalized,2026-06-27T18:00:00Z
0d4d3d0e-04d9-5638-86d0-502820b44860,55f1318e-806a-5486-a3f3-d3db4101cd1d,c51a52aa-b76e-533e-9500-252f523656b1,22222222-2222-2222-2222-222222222222,BATCH-SYN-01-02-NAGAD,2026-06-27T17:55:00Z,2026-06-27T18:00:00Z,27,27,0,normalized,2026-06-27T18:00:00Z
0c10b803-a094-5483-adb2-659e8380495f,55f1318e-806a-5486-a3f3-d3db4101cd1d,c51a52aa-b76e-533e-9500-252f523656b1,33333333-3333-3333-3333-333333333333,BATCH-SYN-01-02-ROCKET,2026-06-27T17:55:00Z,2026-06-27T18:00:00Z,27,27,0,normalized,2026-06-27T18:00:00Z
184e46c2-f4cb-5563-bc33-2f643ca64dd3,55f1318e-806a-5486-a3f3-d3db4101cd1d,f1d6239c-8728-515e-9497-5d06cecab6c4,11111111-1111-1111-1111-111111111111,BATCH-SYN-01-03-BKASH,2026-06-27T17:55:00Z,2026-06-27T18:00:00Z,27,27,0,normalized,2026-06-27T18:00:00Z
a1f3eecf-9999-5c8b-be02-5cfd23f66668,55f1318e-806a-5486-a3f3-d3db4101cd1d,f1d6239c-8728-515e-9497-5d06cecab6c4,22222222-2222-2222-2222-222222222222,BATCH-SYN-01-03-NAGAD,2026-06-27T17:55:00Z,2026-06-27T18:00:00Z,27,27,0,normalized,2026-06-27T18:00:00Z
0b10c719-7af4-511f-b466-8d5f0c377e92,55f1318e-806a-5486-a3f3-d3db4101cd1d,f1d6239c-8728-515e-9497-5d06cecab6c4,33333333-3333-3333-3333-333333333333,BATCH-SYN-01-03-ROCKET,2026-06-27T17:55:00Z,2026-06-27T18:00:00Z,27,27,0,normalized,2026-06-27T18:00:00Z
c6617f18-d313-5fbb-9727-0acc3d6e5096,55f1318e-806a-5486-a3f3-d3db4101cd1d,5cc8ed11-22c7-5245-97e5-6b5d6f55a055,11111111-1111-1111-1111-111111111111,BATCH-SYN-01-04-BKASH,2026-06-27T17:55:00Z,2026-06-27T18:00:00Z,27,27,0,normalized,2026-06-27T18:00:00Z
f46326d7-1bb6-5a3e-b868-7cef62738f57,55f1318e-806a-5486-a3f3-d3db4101cd1d,5cc8ed11-22c7-5245-97e5-6b5d6f55a055,22222222-2222-2222-2222-222222222222,BATCH-SYN-01-04-NAGAD,2026-06-27T17:55:00Z,2026-06-27T18:00:00Z,27,27,0,normalized,2026-06-27T18:00:00Z
b8e4ec4f-d123-54d6-8628-7330e5d5b6ee,55f1318e-806a-5486-a3f3-d3db4101cd1d,5cc8ed11-22c7-5245-97e5-6b5d6f55a055,33333333-3333-3333-3333-333333333333,BATCH-SYN-01-04-ROCKET,2026-06-27T17:55:00Z,2026-06-27T18:00:00Z,27,27,0,normalized,2026-06-27T18:00:00Z
7d987730-429d-5440-b6e7-29d069cabb89,6c4715b6-8e29-5bdb-a427-6e861d5e5e55,c79304d5-6c6d-50df-92b0-6ba3b8ad7e19,11111111-1111-1111-1111-111111111111,BATCH-SYN-02-00-BKASH,2026-06-28T17:55:00Z,2026-06-28T18:00:00Z,27,27,0,normalized,2026-06-28T18:00:00Z
b53acb82-d0f3-5612-95ab-798671f4a411,6c4715b6-8e29-5bdb-a427-6e861d5e5e55,c79304d5-6c6d-50df-92b0-6ba3b8ad7e19,22222222-2222-2222-2222-222222222222,BATCH-SYN-02-00-NAGAD,2026-06-28T17:55:00Z,2026-06-28T18:00:00Z,27,27,0,normalized,2026-06-28T18:00:00Z
32dd70c4-a0a7-56c3-8740-4991fc2dcf98,6c4715b6-8e29-5bdb-a427-6e861d5e5e55,c79304d5-6c6d-50df-92b0-6ba3b8ad7e19,33333333-3333-3333-3333-333333333333,BATCH-SYN-02-00-ROCKET,2026-06-28T17:55:00Z,2026-06-28T18:00:00Z,27,27,0,normalized,2026-06-28T18:00:00Z
314e3295-a1bf-5687-b445-769867ad4d19,6c4715b6-8e29-5bdb-a427-6e861d5e5e55,950f7040-0e32-5657-a005-8111a74aa5e3,11111111-1111-1111-1111-111111111111,BATCH-SYN-02-01-BKASH,2026-06-28T17:55:00Z,2026-06-28T18:00:00Z,27,27,0,normalized,2026-06-28T18:00:00Z
c70d8140-0bb1-5b46-b6e9-1e175b966635,6c4715b6-8e29-5bdb-a427-6e861d5e5e55,950f7040-0e32-5657-a005-8111a74aa5e3,22222222-2222-2222-2222-222222222222,BATCH-SYN-02-01-NAGAD,2026-06-28T17:55:00Z,2026-06-28T18:00:00Z,27,27,0,normalized,2026-06-28T18:00:00Z
272d0011-c58e-5855-bf88-ff53ca78f592,6c4715b6-8e29-5bdb-a427-6e861d5e5e55,950f7040-0e32-5657-a005-8111a74aa5e3,33333333-3333-3333-3333-333333333333,BATCH-SYN-02-01-ROCKET,2026-06-28T17:55:00Z,2026-06-28T18:00:00Z,27,27,0,normalized,2026-06-28T18:00:00Z
3d472d71-2225-5fa5-b9f2-9b07ed89ba69,6c4715b6-8e29-5bdb-a427-6e861d5e5e55,c51a52aa-b76e-533e-9500-252f523656b1,11111111-1111-1111-1111-111111111111,BATCH-SYN-02-02-BKASH,2026-06-28T17:55:00Z,2026-06-28T18:00:00Z,27,27,0,normalized,2026-06-28T18:00:00Z
89d46f8d-2ca1-515a-b77f-c5e6fab8addf,6c4715b6-8e29-5bdb-a427-6e861d5e5e55,c51a52aa-b76e-533e-9500-252f523656b1,22222222-2222-2222-2222-222222222222,BATCH-SYN-02-02-NAGAD,2026-06-28T17:55:00Z,2026-06-28T18:00:00Z,27,27,0,normalized,2026-06-28T18:00:00Z
02425eff-c98f-50ea-b914-f309d05d858d,6c4715b6-8e29-5bdb-a427-6e861d5e5e55,c51a52aa-b76e-533e-9500-252f523656b1,33333333-3333-3333-3333-333333333333,BATCH-SYN-02-02-ROCKET,2026-06-28T17:55:00Z,2026-06-28T18:00:00Z,27,27,0,normalized,2026-06-28T18:00:00Z
6e43e19a-9116-5585-bab6-6927c4949293,6c4715b6-8e29-5bdb-a427-6e861d5e5e55,f1d6239c-8728-515e-9497-5d06cecab6c4,11111111-1111-1111-1111-111111111111,BATCH-SYN-02-03-BKASH,2026-06-28T17:55:00Z,2026-06-28T18:00:00Z,27,27,0,normalized,2026-06-28T18:00:00Z
5a60d84e-bb14-5e9f-9fbf-a2f86ffe98a5,6c4715b6-8e29-5bdb-a427-6e861d5e5e55,f1d6239c-8728-515e-9497-5d06cecab6c4,22222222-2222-2222-2222-222222222222,BATCH-SYN-02-03-NAGAD,2026-06-28T17:55:00Z,2026-06-28T18:00:00Z,27,27,0,normalized,2026-06-28T18:00:00Z
09b2f65d-7470-576d-9960-02aa8cd6802d,6c4715b6-8e29-5bdb-a427-6e861d5e5e55,f1d6239c-8728-515e-9497-5d06cecab6c4,33333333-3333-3333-3333-333333333333,BATCH-SYN-02-03-ROCKET,2026-06-28T17:55:00Z,2026-06-28T18:00:00Z,27,27,0,normalized,2026-06-28T18:00:00Z
9b8c4239-0a4a-5531-880a-653ffd955f99,6c4715b6-8e29-5bdb-a427-6e861d5e5e55,5cc8ed11-22c7-5245-97e5-6b5d6f55a055,11111111-1111-1111-1111-111111111111,BATCH-SYN-02-04-BKASH,2026-06-28T17:55:00Z,2026-06-28T18:00:00Z,27,27,0,normalized,2026-06-28T18:00:00Z
fefb8648-f184-567e-825d-b18550129d22,6c4715b6-8e29-5bdb-a427-6e861d5e5e55,5cc8ed11-22c7-5245-97e5-6b5d6f55a055,22222222-2222-2222-2222-222222222222,BATCH-SYN-02-04-NAGAD,2026-06-28T17:55:00Z,2026-06-28T18:00:00Z,27,27,0,normalized,2026-06-28T18:00:00Z
64b1b4d4-1999-5278-9730-0c1ff5287045,6c4715b6-8e29-5bdb-a427-6e861d5e5e55,5cc8ed11-22c7-5245-97e5-6b5d6f55a055,33333333-3333-3333-3333-333333333333,BATCH-SYN-02-04-ROCKET,2026-06-28T17:55:00Z,2026-06-28T18:00:00Z,27,27,0,normalized,2026-06-28T18:00:00Z
39900c01-bf70-5735-b479-f609fdd345f3,ad7d4d74-6506-58dc-88be-872c79aa53f3,c79304d5-6c6d-50df-92b0-6ba3b8ad7e19,11111111-1111-1111-1111-111111111111,BATCH-SYN-03-00-BKASH,2026-06-29T17:55:00Z,2026-06-29T18:00:00Z,27,27,0,normalized,2026-06-29T18:00:00Z
2b04ff6f-d908-5348-ba10-f4edbbeaaa08,ad7d4d74-6506-58dc-88be-872c79aa53f3,c79304d5-6c6d-50df-92b0-6ba3b8ad7e19,22222222-2222-2222-2222-222222222222,BATCH-SYN-03-00-NAGAD,2026-06-29T17:55:00Z,2026-06-29T18:00:00Z,27,27,0,normalized,2026-06-29T18:00:00Z
3e5db150-b0b3-5a3c-bd2a-af45f5999dc6,ad7d4d74-6506-58dc-88be-872c79aa53f3,c79304d5-6c6d-50df-92b0-6ba3b8ad7e19,33333333-3333-3333-3333-333333333333,BATCH-SYN-03-00-ROCKET,2026-06-29T17:55:00Z,2026-06-29T18:00:00Z,27,27,0,normalized,2026-06-29T18:00:00Z
b59b3b3e-0098-5c5c-af77-416a5412d1bf,ad7d4d74-6506-58dc-88be-872c79aa53f3,950f7040-0e32-5657-a005-8111a74aa5e3,11111111-1111-1111-1111-111111111111,BATCH-SYN-03-01-BKASH,2026-06-29T17:55:00Z,2026-06-29T18:00:00Z,27,27,0,normalized,2026-06-29T18:00:00Z
b4b6bb63-70b2-5d02-8d6f-3ff0166ab6b8,ad7d4d74-6506-58dc-88be-872c79aa53f3,950f7040-0e32-5657-a005-8111a74aa5e3,22222222-2222-2222-2222-222222222222,BATCH-SYN-03-01-NAGAD,2026-06-29T17:55:00Z,2026-06-29T18:00:00Z,27,27,0,normalized,2026-06-29T18:00:00Z
02c49131-6278-57c9-bd34-6bac9d2b43b1,ad7d4d74-6506-58dc-88be-872c79aa53f3,950f7040-0e32-5657-a005-8111a74aa5e3,33333333-3333-3333-3333-333333333333,BATCH-SYN-03-01-ROCKET,2026-06-29T17:55:00Z,2026-06-29T18:00:00Z,27,27,0,normalized,2026-06-29T18:00:00Z
4f6a2d27-f6d0-5e4d-92b4-237aa41f356e,ad7d4d74-6506-58dc-88be-872c79aa53f3,c51a52aa-b76e-533e-9500-252f523656b1,11111111-1111-1111-1111-111111111111,BATCH-SYN-03-02-BKASH,2026-06-29T17:55:00Z,2026-06-29T18:00:00Z,27,27,0,normalized,2026-06-29T18:00:00Z
41aab09c-9415-5447-a012-814b2f138f46,ad7d4d74-6506-58dc-88be-872c79aa53f3,c51a52aa-b76e-533e-9500-252f523656b1,22222222-2222-2222-2222-222222222222,BATCH-SYN-03-02-NAGAD,2026-06-29T17:55:00Z,2026-06-29T18:00:00Z,27,27,0,normalized,2026-06-29T18:00:00Z
49576de8-72d4-5048-82f8-aca6e44cf71d,ad7d4d74-6506-58dc-88be-872c79aa53f3,c51a52aa-b76e-533e-9500-252f523656b1,33333333-3333-3333-3333-333333333333,BATCH-SYN-03-02-ROCKET,2026-06-29T17:55:00Z,2026-06-29T18:00:00Z,27,27,0,normalized,2026-06-29T18:00:00Z
b4d7317d-82dd-5a0a-8410-9f0a93b445fe,ad7d4d74-6506-58dc-88be-872c79aa53f3,f1d6239c-8728-515e-9497-5d06cecab6c4,11111111-1111-1111-1111-111111111111,BATCH-SYN-03-03-BKASH,2026-06-29T17:55:00Z,2026-06-29T18:00:00Z,27,27,0,normalized,2026-06-29T18:00:00Z
303fc093-280d-55f2-881f-b0f5ac1f1f87,ad7d4d74-6506-58dc-88be-872c79aa53f3,f1d6239c-8728-515e-9497-5d06cecab6c4,22222222-2222-2222-2222-222222222222,BATCH-SYN-03-03-NAGAD,2026-06-29T17:55:00Z,2026-06-29T18:00:00Z,27,27,0,normalized,2026-06-29T18:00:00Z
4006c681-5a70-5e62-a25e-a587a0dfb653,ad7d4d74-6506-58dc-88be-872c79aa53f3,f1d6239c-8728-515e-9497-5d06cecab6c4,33333333-3333-3333-3333-333333333333,BATCH-SYN-03-03-ROCKET,2026-06-29T17:55:00Z,2026-06-29T18:00:00Z,27,27,0,normalized,2026-06-29T18:00:00Z
d29737c5-0350-524c-be1a-d68cc0d8eaf4,ad7d4d74-6506-58dc-88be-872c79aa53f3,5cc8ed11-22c7-5245-97e5-6b5d6f55a055,11111111-1111-1111-1111-111111111111,BATCH-SYN-03-04-BKASH,2026-06-29T17:55:00Z,2026-06-29T18:00:00Z,27,27,0,normalized,2026-06-29T18:00:00Z
c3fa6a24-5edb-595e-9f1e-614f86c45fda,ad7d4d74-6506-58dc-88be-872c79aa53f3,5cc8ed11-22c7-5245-97e5-6b5d6f55a055,22222222-2222-2222-2222-222222222222,BATCH-SYN-03-04-NAGAD,2026-06-29T17:55:00Z,2026-06-29T18:00:00Z,27,27,0,normalized,2026-06-29T18:00:00Z
3347be04-66c8-54cb-a36a-7e3675e538d2,ad7d4d74-6506-58dc-88be-872c79aa53f3,5cc8ed11-22c7-5245-97e5-6b5d6f55a055,33333333-3333-3333-3333-333333333333,BATCH-SYN-03-04-ROCKET,2026-06-29T17:55:00Z,2026-06-29T18:00:00Z,27,27,0,normalized,2026-06-29T18:00:00Z
18c9ea5a-c9a8-5ac9-a14f-7127c1d30034,f8ff4c1b-0c99-5212-9a2c-039ff7359ee3,c79304d5-6c6d-50df-92b0-6ba3b8ad7e19,11111111-1111-1111-1111-111111111111,BATCH-SYN-04-00-BKASH,2026-06-30T17:55:00Z,2026-06-30T18:00:00Z,27,27,0,normalized,2026-06-30T18:00:00Z
5cae0b08-acd3-5a9f-ac8c-0f6e0e29b8a9,f8ff4c1b-0c99-5212-9a2c-039ff7359ee3,c79304d5-6c6d-50df-92b0-6ba3b8ad7e19,22222222-2222-2222-2222-222222222222,BATCH-SYN-04-00-NAGAD,2026-06-30T17:55:00Z,2026-06-30T18:00:00Z,27,27,0,normalized,2026-06-30T18:00:00Z
bd5abdd0-c251-5e99-a063-cd21f46b65b8,f8ff4c1b-0c99-5212-9a2c-039ff7359ee3,c79304d5-6c6d-50df-92b0-6ba3b8ad7e19,33333333-3333-3333-3333-333333333333,BATCH-SYN-04-00-ROCKET,2026-06-30T17:55:00Z,2026-06-30T18:00:00Z,27,27,0,normalized,2026-06-30T18:00:00Z
426dd966-fde2-5ba4-8aa4-5d4dd5d559f9,f8ff4c1b-0c99-5212-9a2c-039ff7359ee3,950f7040-0e32-5657-a005-8111a74aa5e3,11111111-1111-1111-1111-111111111111,BATCH-SYN-04-01-BKASH,2026-06-30T17:55:00Z,2026-06-30T18:00:00Z,27,27,0,normalized,2026-06-30T18:00:00Z
0d4a9a39-820e-56c5-97de-5d40815771f3,f8ff4c1b-0c99-5212-9a2c-039ff7359ee3,950f7040-0e32-5657-a005-8111a74aa5e3,22222222-2222-2222-2222-222222222222,BATCH-SYN-04-01-NAGAD,2026-06-30T17:55:00Z,2026-06-30T18:00:00Z,27,27,0,normalized,2026-06-30T18:00:00Z
33b6f940-5ac2-56b8-873e-b693b8edc68b,f8ff4c1b-0c99-5212-9a2c-039ff7359ee3,950f7040-0e32-5657-a005-8111a74aa5e3,33333333-3333-3333-3333-333333333333,BATCH-SYN-04-01-ROCKET,2026-06-30T17:55:00Z,2026-06-30T18:00:00Z,27,27,0,normalized,2026-06-30T18:00:00Z
3a6176d7-e55b-5946-b8bf-0fe96fa23cbc,f8ff4c1b-0c99-5212-9a2c-039ff7359ee3,c51a52aa-b76e-533e-9500-252f523656b1,11111111-1111-1111-1111-111111111111,BATCH-SYN-04-02-BKASH,2026-06-30T17:55:00Z,2026-06-30T18:00:00Z,27,27,0,normalized,2026-06-30T18:00:00Z
f202da20-5a8a-5a13-9159-cd7f6d539a6b,f8ff4c1b-0c99-5212-9a2c-039ff7359ee3,c51a52aa-b76e-533e-9500-252f523656b1,22222222-2222-2222-2222-222222222222,BATCH-SYN-04-02-NAGAD,2026-06-30T17:55:00Z,2026-06-30T18:00:00Z,27,27,0,normalized,2026-06-30T18:00:00Z
b0ed15d2-d792-5135-8b3a-e3fc845cdeaf,f8ff4c1b-0c99-5212-9a2c-039ff7359ee3,c51a52aa-b76e-533e-9500-252f523656b1,33333333-3333-3333-3333-333333333333,BATCH-SYN-04-02-ROCKET,2026-06-30T17:55:00Z,2026-06-30T18:00:00Z,27,27,0,normalized,2026-06-30T18:00:00Z
6071a096-8181-5eef-a089-e1997356025d,f8ff4c1b-0c99-5212-9a2c-039ff7359ee3,f1d6239c-8728-515e-9497-5d06cecab6c4,11111111-1111-1111-1111-111111111111,BATCH-SYN-04-03-BKASH,2026-06-30T17:55:00Z,2026-06-30T18:00:00Z,27,27,0,normalized,2026-06-30T18:00:00Z
32b3274c-e974-5a06-b2cf-461d2cfa0438,f8ff4c1b-0c99-5212-9a2c-039ff7359ee3,f1d6239c-8728-515e-9497-5d06cecab6c4,22222222-2222-2222-2222-222222222222,BATCH-SYN-04-03-NAGAD,2026-06-30T17:55:00Z,2026-06-30T18:00:00Z,27,27,0,normalized,2026-06-30T18:00:00Z
e464c1de-06e0-5a5b-a108-db2afdc9af7e,f8ff4c1b-0c99-5212-9a2c-039ff7359ee3,f1d6239c-8728-515e-9497-5d06cecab6c4,33333333-3333-3333-3333-333333333333,BATCH-SYN-04-03-ROCKET,2026-06-30T17:55:00Z,2026-06-30T18:00:00Z,27,27,0,normalized,2026-06-30T18:00:00Z
f9ac63ea-75a9-5687-8b94-c84a9ee0403a,f8ff4c1b-0c99-5212-9a2c-039ff7359ee3,5cc8ed11-22c7-5245-97e5-6b5d6f55a055,11111111-1111-1111-1111-111111111111,BATCH-SYN-04-04-BKASH,2026-06-30T17:55:00Z,2026-06-30T18:00:00Z,27,27,0,normalized,2026-06-30T18:00:00Z
466e4484-cf53-5291-8c45-fdb9e2ce43a5,f8ff4c1b-0c99-5212-9a2c-039ff7359ee3,5cc8ed11-22c7-5245-97e5-6b5d6f55a055,22222222-2222-2222-2222-222222222222,BATCH-SYN-04-04-NAGAD,2026-06-30T17:55:00Z,2026-06-30T18:00:00Z,27,27,0,normalized,2026-06-30T18:00:00Z
c63963cd-34fd-5c16-8323-9abd11d6503e,f8ff4c1b-0c99-5212-9a2c-039ff7359ee3,5cc8ed11-22c7-5245-97e5-6b5d6f55a055,33333333-3333-3333-3333-333333333333,BATCH-SYN-04-04-ROCKET,2026-06-30T17:55:00Z,2026-06-30T18:00:00Z,27,27,0,normalized,2026-06-30T18:00:00Z
344f52f1-2b13-5c6b-b2cf-26755092d5ca,e4dbc5a5-dd9d-5cb5-bbf7-dfc52f995d94,c79304d5-6c6d-50df-92b0-6ba3b8ad7e19,11111111-1111-1111-1111-111111111111,BATCH-SYN-05-00-BKASH,2026-07-01T17:55:00Z,2026-07-01T18:00:00Z,27,27,0,normalized,2026-07-01T18:00:00Z
b23a3aaa-199a-5905-b9ed-1aed6ca57b32,e4dbc5a5-dd9d-5cb5-bbf7-dfc52f995d94,c79304d5-6c6d-50df-92b0-6ba3b8ad7e19,22222222-2222-2222-2222-222222222222,BATCH-SYN-05-00-NAGAD,2026-07-01T17:55:00Z,2026-07-01T18:00:00Z,27,27,0,normalized,2026-07-01T18:00:00Z
c616f608-a194-5708-aa30-6f86a8d207be,e4dbc5a5-dd9d-5cb5-bbf7-dfc52f995d94,c79304d5-6c6d-50df-92b0-6ba3b8ad7e19,33333333-3333-3333-3333-333333333333,BATCH-SYN-05-00-ROCKET,2026-07-01T17:55:00Z,2026-07-01T18:00:00Z,27,27,0,normalized,2026-07-01T18:00:00Z
4cfbd897-3ce7-5c05-896b-8dfde6754e2b,e4dbc5a5-dd9d-5cb5-bbf7-dfc52f995d94,950f7040-0e32-5657-a005-8111a74aa5e3,11111111-1111-1111-1111-111111111111,BATCH-SYN-05-01-BKASH,2026-07-01T17:55:00Z,2026-07-01T18:00:00Z,27,27,0,normalized,2026-07-01T18:00:00Z
f9fa2be3-ce39-5d59-8d64-aeff7a7997c3,e4dbc5a5-dd9d-5cb5-bbf7-dfc52f995d94,950f7040-0e32-5657-a005-8111a74aa5e3,22222222-2222-2222-2222-222222222222,BATCH-SYN-05-01-NAGAD,2026-07-01T17:55:00Z,2026-07-01T18:00:00Z,27,27,0,normalized,2026-07-01T18:00:00Z
a5c7aebd-26af-578c-a54a-12b6950cc3f5,e4dbc5a5-dd9d-5cb5-bbf7-dfc52f995d94,950f7040-0e32-5657-a005-8111a74aa5e3,33333333-3333-3333-3333-333333333333,BATCH-SYN-05-01-ROCKET,2026-07-01T17:55:00Z,2026-07-01T18:00:00Z,27,27,0,normalized,2026-07-01T18:00:00Z
8c068e3f-f8b3-5919-a6be-b16a7590d9a4,e4dbc5a5-dd9d-5cb5-bbf7-dfc52f995d94,c51a52aa-b76e-533e-9500-252f523656b1,11111111-1111-1111-1111-111111111111,BATCH-SYN-05-02-BKASH,2026-07-01T17:55:00Z,2026-07-01T18:00:00Z,27,27,0,normalized,2026-07-01T18:00:00Z
ed622731-1cfa-5a61-8de7-3fdbe8f09c5c,e4dbc5a5-dd9d-5cb5-bbf7-dfc52f995d94,c51a52aa-b76e-533e-9500-252f523656b1,22222222-2222-2222-2222-222222222222,BATCH-SYN-05-02-NAGAD,2026-07-01T17:55:00Z,2026-07-01T18:00:00Z,27,27,0,normalized,2026-07-01T18:00:00Z
4826e52f-2eb9-5a6e-932b-48333fba6c24,e4dbc5a5-dd9d-5cb5-bbf7-dfc52f995d94,c51a52aa-b76e-533e-9500-252f523656b1,33333333-3333-3333-3333-333333333333,BATCH-SYN-05-02-ROCKET,2026-07-01T17:55:00Z,2026-07-01T18:00:00Z,27,27,0,normalized,2026-07-01T18:00:00Z
3ddc970d-b088-5a79-b89f-48c80ed17397,e4dbc5a5-dd9d-5cb5-bbf7-dfc52f995d94,f1d6239c-8728-515e-9497-5d06cecab6c4,11111111-1111-1111-1111-111111111111,BATCH-SYN-05-03-BKASH,2026-07-01T17:55:00Z,2026-07-01T18:00:00Z,27,27,0,normalized,2026-07-01T18:00:00Z
91658e5e-7674-5903-9742-3e1718732db0,e4dbc5a5-dd9d-5cb5-bbf7-dfc52f995d94,f1d6239c-8728-515e-9497-5d06cecab6c4,22222222-2222-2222-2222-222222222222,BATCH-SYN-05-03-NAGAD,2026-07-01T17:55:00Z,2026-07-01T18:00:00Z,27,27,0,normalized,2026-07-01T18:00:00Z
331328cd-e81a-506a-afef-2d76b654660c,e4dbc5a5-dd9d-5cb5-bbf7-dfc52f995d94,f1d6239c-8728-515e-9497-5d06cecab6c4,33333333-3333-3333-3333-333333333333,BATCH-SYN-05-03-ROCKET,2026-07-01T17:55:00Z,2026-07-01T18:00:00Z,27,27,0,normalized,2026-07-01T18:00:00Z
0b12a5f6-602f-526e-afdf-ffdc5546abc6,e4dbc5a5-dd9d-5cb5-bbf7-dfc52f995d94,5cc8ed11-22c7-5245-97e5-6b5d6f55a055,11111111-1111-1111-1111-111111111111,BATCH-SYN-05-04-BKASH,2026-07-01T17:55:00Z,2026-07-01T18:00:00Z,27,27,0,normalized,2026-07-01T18:00:00Z
904fce4a-5402-5cba-a2da-b551d96b6222,e4dbc5a5-dd9d-5cb5-bbf7-dfc52f995d94,5cc8ed11-22c7-5245-97e5-6b5d6f55a055,22222222-2222-2222-2222-222222222222,BATCH-SYN-05-04-NAGAD,2026-07-01T17:55:00Z,2026-07-01T18:00:00Z,27,27,0,normalized,2026-07-01T18:00:00Z
0441ba66-e71a-5ce5-8573-c3d9335f3f0f,e4dbc5a5-dd9d-5cb5-bbf7-dfc52f995d94,5cc8ed11-22c7-5245-97e5-6b5d6f55a055,33333333-3333-3333-3333-333333333333,BATCH-SYN-05-04-ROCKET,2026-07-01T17:55:00Z,2026-07-01T18:00:00Z,27,27,0,normalized,2026-07-01T18:00:00Z
cc762db2-cdf9-5eff-a085-fc990aa937d2,ce2ca3f6-8346-535e-9ef4-6456fc05f307,c79304d5-6c6d-50df-92b0-6ba3b8ad7e19,11111111-1111-1111-1111-111111111111,BATCH-SYN-06-00-BKASH,2026-07-02T17:55:00Z,2026-07-02T18:00:00Z,27,27,0,normalized,2026-07-02T18:00:00Z
fb53de44-a0c5-512a-a9da-62bef6eae650,ce2ca3f6-8346-535e-9ef4-6456fc05f307,c79304d5-6c6d-50df-92b0-6ba3b8ad7e19,22222222-2222-2222-2222-222222222222,BATCH-SYN-06-00-NAGAD,2026-07-02T17:55:00Z,2026-07-02T18:00:00Z,27,27,0,normalized,2026-07-02T18:00:00Z
388783df-813c-5fdb-a6d0-d4891cf3ce50,ce2ca3f6-8346-535e-9ef4-6456fc05f307,c79304d5-6c6d-50df-92b0-6ba3b8ad7e19,33333333-3333-3333-3333-333333333333,BATCH-SYN-06-00-ROCKET,2026-07-02T17:55:00Z,2026-07-02T18:00:00Z,27,27,0,normalized,2026-07-02T18:00:00Z
1bf1eb59-e701-5fca-a0a2-7cdbe3a9df1d,ce2ca3f6-8346-535e-9ef4-6456fc05f307,950f7040-0e32-5657-a005-8111a74aa5e3,11111111-1111-1111-1111-111111111111,BATCH-SYN-06-01-BKASH,2026-07-02T17:55:00Z,2026-07-02T18:00:00Z,27,27,0,normalized,2026-07-02T18:00:00Z
a569ec77-30f2-56da-8e4d-aab134bfea6a,ce2ca3f6-8346-535e-9ef4-6456fc05f307,950f7040-0e32-5657-a005-8111a74aa5e3,22222222-2222-2222-2222-222222222222,BATCH-SYN-06-01-NAGAD,2026-07-02T17:55:00Z,2026-07-02T18:00:00Z,27,27,0,normalized,2026-07-02T18:00:00Z
c62c2741-73f9-5f29-be2a-dfaf207adab1,ce2ca3f6-8346-535e-9ef4-6456fc05f307,950f7040-0e32-5657-a005-8111a74aa5e3,33333333-3333-3333-3333-333333333333,BATCH-SYN-06-01-ROCKET,2026-07-02T17:55:00Z,2026-07-02T18:00:00Z,27,27,0,normalized,2026-07-02T18:00:00Z
6bf50906-f932-5b19-b6dc-40ab6dd2a2ad,ce2ca3f6-8346-535e-9ef4-6456fc05f307,c51a52aa-b76e-533e-9500-252f523656b1,11111111-1111-1111-1111-111111111111,BATCH-SYN-06-02-BKASH,2026-07-02T17:55:00Z,2026-07-02T18:00:00Z,27,27,0,normalized,2026-07-02T18:00:00Z
c024c968-35ec-589f-b24b-d11b5ddfd601,ce2ca3f6-8346-535e-9ef4-6456fc05f307,c51a52aa-b76e-533e-9500-252f523656b1,22222222-2222-2222-2222-222222222222,BATCH-SYN-06-02-NAGAD,2026-07-02T17:55:00Z,2026-07-02T18:00:00Z,27,27,0,normalized,2026-07-02T18:00:00Z
029ba010-f6de-5213-80f6-356f06faa841,ce2ca3f6-8346-535e-9ef4-6456fc05f307,c51a52aa-b76e-533e-9500-252f523656b1,33333333-3333-3333-3333-333333333333,BATCH-SYN-06-02-ROCKET,2026-07-02T17:55:00Z,2026-07-02T18:00:00Z,27,27,0,normalized,2026-07-02T18:00:00Z
282542c8-260f-584a-b24a-ed6161419ca4,ce2ca3f6-8346-535e-9ef4-6456fc05f307,f1d6239c-8728-515e-9497-5d06cecab6c4,11111111-1111-1111-1111-111111111111,BATCH-SYN-06-03-BKASH,2026-07-02T17:55:00Z,2026-07-02T18:00:00Z,27,27,0,normalized,2026-07-02T18:00:00Z
aa4e441b-b8a1-5c72-a517-ad8d0ced1928,ce2ca3f6-8346-535e-9ef4-6456fc05f307,f1d6239c-8728-515e-9497-5d06cecab6c4,22222222-2222-2222-2222-222222222222,BATCH-SYN-06-03-NAGAD,2026-07-02T17:55:00Z,2026-07-02T18:00:00Z,27,27,0,normalized,2026-07-02T18:00:00Z
ab8f9abb-5bd2-5276-993e-b01f23b35593,ce2ca3f6-8346-535e-9ef4-6456fc05f307,f1d6239c-8728-515e-9497-5d06cecab6c4,33333333-3333-3333-3333-333333333333,BATCH-SYN-06-03-ROCKET,2026-07-02T17:55:00Z,2026-07-02T18:00:00Z,27,27,0,normalized,2026-07-02T18:00:00Z
976d1d89-7dd5-5be4-8ec7-ed1ea607def1,ce2ca3f6-8346-535e-9ef4-6456fc05f307,5cc8ed11-22c7-5245-97e5-6b5d6f55a055,11111111-1111-1111-1111-111111111111,BATCH-SYN-06-04-BKASH,2026-07-02T17:55:00Z,2026-07-02T18:00:00Z,27,27,0,normalized,2026-07-02T18:00:00Z
60e7215a-6f6c-5d1e-846f-258e24cb13cb,ce2ca3f6-8346-535e-9ef4-6456fc05f307,5cc8ed11-22c7-5245-97e5-6b5d6f55a055,22222222-2222-2222-2222-222222222222,BATCH-SYN-06-04-NAGAD,2026-07-02T17:55:00Z,2026-07-02T18:00:00Z,27,27,0,normalized,2026-07-02T18:00:00Z
f2146ec9-28ea-5eed-a5d3-0e21d3aed9ef,ce2ca3f6-8346-535e-9ef4-6456fc05f307,5cc8ed11-22c7-5245-97e5-6b5d6f55a055,33333333-3333-3333-3333-333333333333,BATCH-SYN-06-04-ROCKET,2026-07-02T17:55:00Z,2026-07-02T18:00:00Z,27,27,0,normalized,2026-07-02T18:00:00Z
89769b13-2637-5e8d-9746-4ae120dfa1d1,5188b835-4081-5f7b-a739-e2cedd2c42ae,c79304d5-6c6d-50df-92b0-6ba3b8ad7e19,11111111-1111-1111-1111-111111111111,BATCH-SYN-07-00-BKASH,2026-07-03T17:55:00Z,2026-07-03T18:00:00Z,27,27,0,normalized,2026-07-03T18:00:00Z
da966daf-c80e-5b01-80df-3dc266c93fb1,5188b835-4081-5f7b-a739-e2cedd2c42ae,c79304d5-6c6d-50df-92b0-6ba3b8ad7e19,22222222-2222-2222-2222-222222222222,BATCH-SYN-07-00-NAGAD,2026-07-03T17:55:00Z,2026-07-03T18:00:00Z,27,27,0,normalized,2026-07-03T18:00:00Z
529f7da1-c601-5aff-b7a6-cd5f081fedb9,5188b835-4081-5f7b-a739-e2cedd2c42ae,c79304d5-6c6d-50df-92b0-6ba3b8ad7e19,33333333-3333-3333-3333-333333333333,BATCH-SYN-07-00-ROCKET,2026-07-03T17:55:00Z,2026-07-03T18:00:00Z,27,27,0,normalized,2026-07-03T18:00:00Z
10fed21c-e01c-5962-a88f-83a3430eeb83,5188b835-4081-5f7b-a739-e2cedd2c42ae,950f7040-0e32-5657-a005-8111a74aa5e3,11111111-1111-1111-1111-111111111111,BATCH-SYN-07-01-BKASH,2026-07-03T17:55:00Z,2026-07-03T18:00:00Z,27,27,0,normalized,2026-07-03T18:00:00Z
558c7a75-d993-5a7e-87e5-af0f92baf502,5188b835-4081-5f7b-a739-e2cedd2c42ae,950f7040-0e32-5657-a005-8111a74aa5e3,22222222-2222-2222-2222-222222222222,BATCH-SYN-07-01-NAGAD,2026-07-03T17:55:00Z,2026-07-03T18:00:00Z,27,27,0,normalized,2026-07-03T18:00:00Z
95c32103-4355-5b17-8929-5ae6b70bf829,5188b835-4081-5f7b-a739-e2cedd2c42ae,950f7040-0e32-5657-a005-8111a74aa5e3,33333333-3333-3333-3333-333333333333,BATCH-SYN-07-01-ROCKET,2026-07-03T17:55:00Z,2026-07-03T18:00:00Z,27,27,0,normalized,2026-07-03T18:00:00Z
48a352ec-ef4d-5aa3-b68a-3444031061a7,5188b835-4081-5f7b-a739-e2cedd2c42ae,c51a52aa-b76e-533e-9500-252f523656b1,11111111-1111-1111-1111-111111111111,BATCH-SYN-07-02-BKASH,2026-07-03T17:55:00Z,2026-07-03T18:00:00Z,27,27,0,normalized,2026-07-03T18:00:00Z
039e25f2-29b9-5c54-876b-f36d0de33a49,5188b835-4081-5f7b-a739-e2cedd2c42ae,c51a52aa-b76e-533e-9500-252f523656b1,22222222-2222-2222-2222-222222222222,BATCH-SYN-07-02-NAGAD,2026-07-03T17:55:00Z,2026-07-03T18:00:00Z,27,27,0,normalized,2026-07-03T18:00:00Z
c5c18d46-aa94-58f7-8546-b2868d3b2431,5188b835-4081-5f7b-a739-e2cedd2c42ae,c51a52aa-b76e-533e-9500-252f523656b1,33333333-3333-3333-3333-333333333333,BATCH-SYN-07-02-ROCKET,2026-07-03T17:55:00Z,2026-07-03T18:00:00Z,27,27,0,normalized,2026-07-03T18:00:00Z
97652697-099b-5e38-ae41-82d721f6820a,5188b835-4081-5f7b-a739-e2cedd2c42ae,f1d6239c-8728-515e-9497-5d06cecab6c4,11111111-1111-1111-1111-111111111111,BATCH-SYN-07-03-BKASH,2026-07-03T17:55:00Z,2026-07-03T18:00:00Z,27,27,0,normalized,2026-07-03T18:00:00Z
f60ddd6a-3000-58d6-a188-a70e186b10d9,5188b835-4081-5f7b-a739-e2cedd2c42ae,f1d6239c-8728-515e-9497-5d06cecab6c4,22222222-2222-2222-2222-222222222222,BATCH-SYN-07-03-NAGAD,2026-07-03T17:55:00Z,2026-07-03T18:00:00Z,27,27,0,normalized,2026-07-03T18:00:00Z
9dfe0be0-b8f1-5764-bebc-14b95e6e63c9,5188b835-4081-5f7b-a739-e2cedd2c42ae,f1d6239c-8728-515e-9497-5d06cecab6c4,33333333-3333-3333-3333-333333333333,BATCH-SYN-07-03-ROCKET,2026-07-03T17:55:00Z,2026-07-03T18:00:00Z,27,27,0,normalized,2026-07-03T18:00:00Z
adda1817-1763-5443-893a-32d3fd6a3e8b,5188b835-4081-5f7b-a739-e2cedd2c42ae,5cc8ed11-22c7-5245-97e5-6b5d6f55a055,11111111-1111-1111-1111-111111111111,BATCH-SYN-07-04-BKASH,2026-07-03T17:55:00Z,2026-07-03T18:00:00Z,27,27,0,normalized,2026-07-03T18:00:00Z
0ddff042-7412-5a8f-84ae-f3de1d78d566,5188b835-4081-5f7b-a739-e2cedd2c42ae,5cc8ed11-22c7-5245-97e5-6b5d6f55a055,22222222-2222-2222-2222-222222222222,BATCH-SYN-07-04-NAGAD,2026-07-03T17:55:00Z,2026-07-03T18:00:00Z,27,27,0,normalized,2026-07-03T18:00:00Z
ba51f8eb-68b4-5207-a6c6-e3249b45e1b8,5188b835-4081-5f7b-a739-e2cedd2c42ae,5cc8ed11-22c7-5245-97e5-6b5d6f55a055,33333333-3333-3333-3333-333333333333,BATCH-SYN-07-04-ROCKET,2026-07-03T17:55:00Z,2026-07-03T18:00:00Z,27,27,0,normalized,2026-07-03T18:00:00Z
63b367eb-c57c-5a06-806d-45529f8cf13c,29fd20e2-81df-579c-94a0-77894273aebf,c79304d5-6c6d-50df-92b0-6ba3b8ad7e19,11111111-1111-1111-1111-111111111111,BATCH-SYN-08-00-BKASH,2026-07-04T17:55:00Z,2026-07-04T18:00:00Z,27,27,0,normalized,2026-07-04T18:00:00Z
9b8a4577-8fb7-5e84-a5bc-8a4f0eaf5abe,29fd20e2-81df-579c-94a0-77894273aebf,c79304d5-6c6d-50df-92b0-6ba3b8ad7e19,22222222-2222-2222-2222-222222222222,BATCH-SYN-08-00-NAGAD,2026-07-04T17:55:00Z,2026-07-04T18:00:00Z,27,27,0,normalized,2026-07-04T18:00:00Z
d143fa35-73a4-5de9-8011-e11d3d3853a4,29fd20e2-81df-579c-94a0-77894273aebf,c79304d5-6c6d-50df-92b0-6ba3b8ad7e19,33333333-3333-3333-3333-333333333333,BATCH-SYN-08-00-ROCKET,2026-07-04T17:55:00Z,2026-07-04T18:00:00Z,27,27,0,normalized,2026-07-04T18:00:00Z
85bc935b-0b3a-5986-9730-ec2f4f8ed1f1,29fd20e2-81df-579c-94a0-77894273aebf,950f7040-0e32-5657-a005-8111a74aa5e3,11111111-1111-1111-1111-111111111111,BATCH-SYN-08-01-BKASH,2026-07-04T17:55:00Z,2026-07-04T18:00:00Z,27,27,0,normalized,2026-07-04T18:00:00Z
301126cb-169a-518e-8fba-3515a9762e85,29fd20e2-81df-579c-94a0-77894273aebf,950f7040-0e32-5657-a005-8111a74aa5e3,22222222-2222-2222-2222-222222222222,BATCH-SYN-08-01-NAGAD,2026-07-04T17:55:00Z,2026-07-04T18:00:00Z,27,27,0,normalized,2026-07-04T18:00:00Z
1250e030-b742-5b47-9cee-57fb8277ad9e,29fd20e2-81df-579c-94a0-77894273aebf,950f7040-0e32-5657-a005-8111a74aa5e3,33333333-3333-3333-3333-333333333333,BATCH-SYN-08-01-ROCKET,2026-07-04T17:55:00Z,2026-07-04T18:00:00Z,27,27,0,normalized,2026-07-04T18:00:00Z
ee837135-1e85-556e-a387-eaf6e12126cb,29fd20e2-81df-579c-94a0-77894273aebf,c51a52aa-b76e-533e-9500-252f523656b1,11111111-1111-1111-1111-111111111111,BATCH-SYN-08-02-BKASH,2026-07-04T17:55:00Z,2026-07-04T18:00:00Z,27,27,0,normalized,2026-07-04T18:00:00Z
f3746748-b720-5c8d-8121-ed6eac7b036e,29fd20e2-81df-579c-94a0-77894273aebf,c51a52aa-b76e-533e-9500-252f523656b1,22222222-2222-2222-2222-222222222222,BATCH-SYN-08-02-NAGAD,2026-07-04T17:55:00Z,2026-07-04T18:00:00Z,27,27,0,normalized,2026-07-04T18:00:00Z
31afc419-b98b-5e5b-8294-29d986009b56,29fd20e2-81df-579c-94a0-77894273aebf,c51a52aa-b76e-533e-9500-252f523656b1,33333333-3333-3333-3333-333333333333,BATCH-SYN-08-02-ROCKET,2026-07-04T17:55:00Z,2026-07-04T18:00:00Z,27,27,0,normalized,2026-07-04T18:00:00Z
ef81698b-f4cd-52f6-b243-b729af1b496b,29fd20e2-81df-579c-94a0-77894273aebf,f1d6239c-8728-515e-9497-5d06cecab6c4,11111111-1111-1111-1111-111111111111,BATCH-SYN-08-03-BKASH,2026-07-04T17:55:00Z,2026-07-04T18:00:00Z,27,27,0,normalized,2026-07-04T18:00:00Z
89d73a59-0375-5d57-b484-7f2ade4eeb45,29fd20e2-81df-579c-94a0-77894273aebf,f1d6239c-8728-515e-9497-5d06cecab6c4,22222222-2222-2222-2222-222222222222,BATCH-SYN-08-03-NAGAD,2026-07-04T17:55:00Z,2026-07-04T18:00:00Z,27,27,0,normalized,2026-07-04T18:00:00Z
85622540-7fc3-5f17-bdb5-589e9ec672f5,29fd20e2-81df-579c-94a0-77894273aebf,f1d6239c-8728-515e-9497-5d06cecab6c4,33333333-3333-3333-3333-333333333333,BATCH-SYN-08-03-ROCKET,2026-07-04T17:55:00Z,2026-07-04T18:00:00Z,27,27,0,normalized,2026-07-04T18:00:00Z
4772f6a6-7c64-51bf-8627-fd3c968a67cc,29fd20e2-81df-579c-94a0-77894273aebf,5cc8ed11-22c7-5245-97e5-6b5d6f55a055,11111111-1111-1111-1111-111111111111,BATCH-SYN-08-04-BKASH,2026-07-04T17:55:00Z,2026-07-04T18:00:00Z,27,27,0,normalized,2026-07-04T18:00:00Z
5f318a27-949e-5c27-9824-4e44c33bfe8e,29fd20e2-81df-579c-94a0-77894273aebf,5cc8ed11-22c7-5245-97e5-6b5d6f55a055,22222222-2222-2222-2222-222222222222,BATCH-SYN-08-04-NAGAD,2026-07-04T17:55:00Z,2026-07-04T18:00:00Z,27,27,0,normalized,2026-07-04T18:00:00Z
2e78d9a7-d801-55cd-abea-b02426eb6435,29fd20e2-81df-579c-94a0-77894273aebf,5cc8ed11-22c7-5245-97e5-6b5d6f55a055,33333333-3333-3333-3333-333333333333,BATCH-SYN-08-04-ROCKET,2026-07-04T17:55:00Z,2026-07-04T18:00:00Z,27,27,0,normalized,2026-07-04T18:00:00Z
